accelX,accelY,accelZ,gyroX,gyroY,gyroZ,fsr1,fsr2,fsr3,fsr4,source
-0.05,1.45,-0.07,3.36,33.75,-0.67,0.06,0.0,0.0,0.05,original
-0.14,0.98,-0.31,0.06,-7.39,-9.77,0.0,0.0,0.0,0.42,original
0.16,1.05,-0.26,-9.83,-12.7,30.52,0.56,0.22,0.0,0.4,original
0.03,1.01,-0.21,3.6,2.75,-1.1,0.69,0.38,0.11,0.28,original
0.03,1.01,-0.23,-0.43,-8.24,-19.71,0.24,0.05,0.0,0.33,original
0.19,0.98,-0.24,3.97,-4.64,9.22,0.06,0.0,0.0,0.19,original
0.1,0.97,-0.11,6.1,8.3,-0.55,0.52,0.25,0.0,0.27,original
0.08,0.99,-0.2,-2.2,3.54,12.51,0.52,0.29,0.05,0.46,original
0.02,0.99,-0.15,5.31,-0.12,-0.24,0.76,0.4,0.1,0.39,original
-0.04,1.01,-0.17,2.81,-3.91,2.26,0.58,0.34,0.05,0.49,original
0.0,1.05,-0.19,-4.64,0.85,-12.39,0.59,0.32,0.06,0.5,original
0.23,0.92,-0.33,-29.11,-61.28,8.18,0.0,0.0,0.0,0.0,original
0.02,1.02,-0.2,3.11,10.44,5.0,0.2,0.05,0.0,0.45,original
0.01,1.02,-0.21,5.31,0.67,-0.79,0.48,0.22,0.0,0.22,original
-0.01,1.01,-0.23,8.06,-2.69,5.8,0.68,0.33,0.11,0.25,original
-0.03,1.01,-0.15,1.28,2.5,-9.46,0.85,0.37,0.26,0.38,original
0.11,0.98,-0.45,-0.31,-54.2,-8.97,0.0,0.0,0.0,0.0,original
0.19,0.99,-0.15,32.96,-72.45,-29.05,0.0,0.0,0.0,0.0,original
0.24,1.0,-0.2,7.93,83.86,1.46,0.57,0.28,0.07,0.19,original
0.04,0.99,0.02,-10.44,8.97,0.12,0.46,0.18,0.12,0.61,original
-0.1,0.98,-0.18,-4.82,-13.55,1.34,0.58,0.23,0.22,0.37,original
-0.17,0.85,-0.47,-38.39,-24.6,-0.18,0.44,0.0,0.21,0.06,original
-0.1,0.92,-0.69,111.27,19.23,-80.93,0.0,0.0,0.0,0.0,original
0.21,0.97,-0.19,3.17,23.19,15.38,0.15,0.0,0.0,0.67,original
-0.01,1.0,-0.19,0.92,5.31,0.73,0.28,0.12,0.0,0.45,original
0.02,1.01,-0.19,1.53,-2.62,1.83,0.36,0.18,0.0,0.37,original
0.13,1.07,-0.34,-29.85,-14.16,11.11,0.0,0.0,0.0,0.22,original
-0.01,1.06,-0.42,42.24,12.76,-14.4,0.14,0.0,0.0,0.36,original
-0.05,1.0,-0.24,6.29,3.54,1.89,0.7,0.34,0.15,0.18,original
-0.09,1.02,-0.2,8.0,4.03,-0.85,0.75,0.38,0.23,0.18,original
-0.07,1.0,-0.19,-16.78,-4.33,13.18,0.63,0.32,0.18,0.4,original
-0.22,1.01,-0.62,168.03,-76.42,-82.7,0.0,0.0,0.0,0.0,original
-0.17,1.0,-0.04,-2.32,57.31,47.3,0.2,0.0,0.0,0.58,original
-0.1,0.99,-0.29,-35.22,1.1,18.98,0.98,0.34,0.43,0.08,original
-0.43,1.13,-0.63,158.69,214.36,-111.15,0.0,0.0,0.0,0.0,original
0.26,0.88,-0.1,-7.2,-51.51,44.25,0.0,0.0,0.0,0.15,original
0.02,1.0,-0.27,-41.08,-12.27,17.82,0.33,0.2,0.0,0.46,original
-0.43,1.01,-0.58,51.27,146.24,-153.08,0.0,0.0,0.0,0.0,original
0.12,0.87,-0.2,34.48,92.35,-16.36,0.07,0.0,0.0,0.59,original
-0.14,0.99,-0.42,-43.4,183.29,5.62,0.0,0.0,0.0,0.0,original
0.34,1.22,-0.09,-27.89,55.66,7.51,0.0,0.0,0.0,0.28,original
-0.09,1.03,-0.25,-25.09,-21.18,27.59,0.64,0.33,0.14,0.19,original
0.23,0.8,-0.8,136.11,-68.42,-85.45,0.0,0.0,0.0,0.0,original
-0.01,1.13,-0.03,-16.3,-22.03,47.97,0.21,0.0,0.0,0.55,original
-0.16,0.98,-0.52,-56.03,-44.25,44.74,0.98,0.19,0.41,0.0,original
0.29,0.98,-0.09,-3.42,35.46,22.34,0.0,0.0,0.0,0.62,original
-0.07,0.95,-0.32,-18.43,23.99,21.55,0.86,0.31,0.34,0.06,original
-0.25,0.92,-0.75,-25.45,-27.4,23.8,0.24,0.0,0.0,0.0,original
-0.14,1.01,-0.47,36.74,0.92,20.69,0.14,0.0,0.0,0.13,original
-0.08,1.03,-0.2,5.98,13.37,8.85,0.48,0.23,0.07,0.43,original
0.18,0.98,-0.36,8.06,-4.52,-52.49,0.0,0.0,0.0,0.31,original
-0.17,1.0,-0.42,116.15,136.05,-60.18,0.0,0.0,0.0,0.0,original
-0.1,1.05,-0.11,-3.11,15.08,14.1,0.36,0.16,0.05,0.5,original
0.07,1.05,-0.48,-96.44,-5.55,54.38,0.64,0.3,0.09,0.0,original
0.02,0.79,-0.53,22.16,-38.21,-17.03,0.0,0.0,0.0,0.0,original
-0.1,0.97,-0.21,-25.63,10.5,17.27,0.55,0.39,0.04,0.2,original
-0.04,0.89,-0.65,24.72,23.13,-41.93,0.0,0.0,0.0,0.0,original
-0.36,1.15,-0.4,57.5,-37.48,-17.7,0.39,0.0,0.09,0.3,original
-0.1,1.0,-0.2,1.1,2.32,1.95,0.51,0.26,0.07,0.31,original
-0.05,1.0,-0.22,2.75,1.1,-0.61,0.54,0.32,0.07,0.34,original
-0.06,1.0,-0.22,2.75,1.53,-0.31,0.47,0.27,0.08,0.27,original
-0.08,1.05,-0.21,4.58,0.18,3.42,0.63,0.38,0.11,0.26,original
-0.25,1.07,-0.62,7.45,477.48,-81.91,0.0,0.0,0.0,0.0,original
0.33,0.84,-0.16,-19.41,-32.9,25.57,0.08,0.0,0.0,0.34,original
-0.11,0.97,-0.44,-64.64,-1.71,27.34,0.84,0.4,0.2,0.0,original
0.28,1.34,0.49,-5.07,-3.48,30.33,0.0,0.0,0.0,0.09,original
-0.15,1.06,-0.32,-41.26,-4.27,21.18,0.9,0.48,0.22,0.05,original
-0.23,0.85,-0.63,131.71,-21.3,-58.72,0.0,0.0,0.0,0.0,original
-0.01,0.99,-0.09,-20.32,-63.66,52.37,0.21,0.0,0.0,0.55,original
-0.21,1.01,-0.33,-28.2,-8.12,16.72,0.72,0.33,0.21,0.09,original
-0.11,0.94,-0.68,41.63,-186.28,60.79,0.0,0.0,0.0,0.0,original
-0.1,1.0,-0.23,1.28,2.56,2.62,0.62,0.38,0.09,0.28,original
-0.1,1.01,-0.23,2.5,2.26,-0.61,0.67,0.41,0.11,0.29,original
-0.1,1.0,-0.24,2.62,0.0,0.31,0.65,0.41,0.1,0.34,original
-0.1,1.01,-0.24,3.6,0.31,-0.31,0.68,0.43,0.11,0.32,original
-0.1,0.98,-0.24,-3.97,-6.71,-2.01,0.73,0.44,0.16,0.34,original
-0.09,1.02,-0.61,-66.65,-72.45,54.14,0.0,0.0,0.0,0.0,original
0.18,0.81,-0.8,92.35,24.78,-99.24,0.0,0.0,0.0,0.0,original
-0.01,1.01,-0.08,12.82,-29.72,30.46,0.15,0.0,0.0,0.68,original
0.05,0.98,-0.1,4.15,0.67,2.38,0.49,0.16,0.13,0.5,original
0.06,1.05,-0.16,5.0,21.97,-4.82,0.57,0.18,0.2,0.5,original
0.03,1.01,-0.2,-1.59,13.55,1.59,0.49,0.23,0.12,0.5,original
-0.04,1.0,-0.36,-31.13,1.16,2.69,0.82,0.32,0.27,0.06,original
-0.2,0.96,-0.64,92.59,4.7,-43.03,0.0,0.0,0.0,0.0,original
0.04,0.96,-0.2,10.56,43.46,-2.93,0.4,0.24,0.0,0.54,original
0.0,1.02,-0.19,4.15,0.67,-0.31,0.53,0.33,0.0,0.49,original
-0.01,1.0,-0.19,2.08,3.97,-0.67,0.58,0.36,0.0,0.45,original
-0.01,1.0,-0.18,3.11,1.28,-1.65,0.52,0.35,0.0,0.53,original
-0.02,1.01,-0.17,2.99,-5.25,1.89,0.63,0.4,0.06,0.42,original
-0.02,1.01,-0.19,2.56,-0.06,-0.31,0.65,0.42,0.07,0.41,original
-0.03,1.0,-0.18,3.66,0.98,-1.22,0.64,0.45,0.09,0.35,original
-0.03,1.0,-0.18,3.97,0.24,-0.92,0.71,0.47,0.1,0.39,original
-0.03,1.01,-0.16,2.87,0.61,-0.12,0.7,0.46,0.11,0.44,original
-0.02,1.01,-0.17,2.69,0.0,-1.04,0.69,0.46,0.1,0.45,original
-0.03,1.01,-0.18,2.62,0.18,-0.37,0.7,0.46,0.1,0.44,original
-0.03,1.01,-0.18,2.32,-0.31,-0.49,0.67,0.45,0.1,0.45,original
-0.03,1.01,-0.19,2.69,0.31,-0.37,0.6,0.42,0.07,0.48,original
-0.03,1.02,-0.19,2.93,0.0,1.4,0.75,0.5,0.12,0.44,original
-0.05,0.99,-0.17,4.82,-3.48,0.55,0.82,0.52,0.16,0.45,original
-0.03,1.01,-0.19,2.26,-3.36,-1.16,0.77,0.5,0.13,0.39,original
0.03,1.0,-0.17,3.85,-2.93,-5.13,0.54,0.35,0.05,0.49,original
0.06,0.98,-0.22,-20.2,4.64,3.3,0.54,0.34,0.06,0.42,original
-0.049981099275577756,1.392024267944578,-0.06736688327131997,3.276849331926541,32.3037178634351,-0.6882802760688922,0.06016913606142096,0.0,0.0,0.048531038863480674,augmented_1
-0.13944645732113692,0.9433422277926059,-0.32328490755468614,0.05977286739860965,-7.256844781921816,-9.507358033129103,0.0,0.0,0.0,0.4388010556331749,augmented_1
0.16114115402509047,1.0995656502844744,-0.2574390129641723,-10.053563208672196,-13.322414018810576,31.184720285685277,0.5417730225767744,0.21279832572449828,0.0,0.40328333075309275,augmented_1
0.029316512482998904,1.047880531000741,-0.21912881879076668,3.454800207782542,2.654069154352389,-1.135666114466514,0.7226687140264978,0.39631820520100963,0.1114362983727117,0.2667853868158351,augmented_1
0.029322102498200366,0.9836960027737295,-0.2345297082507787,-0.43885171896722286,-8.511757793935665,-19.03575186255959,0.2482565103134591,0.052096256312016434,0.0,0.32954690369752443,augmented_1
0.19288234546167957,0.9328291909225216,-0.23576134684171393,3.9942873907699354,-4.560517429982181,9.242152215911826,0.059127579958814624,0.0,0.0,0.19933344681783427,augmented_1
0.10306311789675521,0.9462806269500884,-0.11009197389188836,6.011688297781484,8.526445481750422,-0.5289308890674099,0.5248081242395006,0.2617308723619844,0.0,0.26717704430420175,augmented_1
0.07708526009409514,0.9914663225144441,-0.1903761629453979,-2.178891430206767,3.6389878595103298,11.987870273974051,0.5333728234552007,0.2820955783428864,0.0489607039817703,0.4805118902373548,augmented_1
0.020771466300558757,1.013902514925951,-0.14836491601034438,5.452010367136237,-0.11548455851002498,-0.24910490672581956,0.7870121548618288,0.38692824820398497,0.10053614600359723,0.40100203063318335,augmented_1
-0.04061894281309212,1.0189090648648436,-0.16717271772063086,2.877576179697055,-3.89071171731059,2.157879714677346,0.5815753880960536,0.34527658274650896,0.04979528031456678,0.4768539556763923,augmented_1
0.0,1.0223875519403696,-0.1939766328045874,-4.513304589374843,0.8436794095303783,-11.972992724002781,0.60342318700128,0.3303547810573071,0.05999193282455503,0.4937201832719667,augmented_1
0.22414532620633562,0.8930260592199384,-0.3179605913650147,-29.7667397996379,-63.02395740745376,8.115112873812665,0.0,0.0,0.0,0.0,augmented_1
0.020906032056410267,1.0150519692603162,-0.1955956750730491,2.970082114756342,10.444110944865372,4.86332484863832,0.19642293831080018,0.05116240438522234,0.0,0.4566562163686307,augmented_1
0.00984745179357812,1.061578456082763,-0.21079219727971624,5.325599289494092,0.6617665594188231,-0.7609350647494139,0.4872668469111024,0.21081165071224006,0.0,0.22578707381163965,augmented_1
-0.009849494067165822,1.00474053555452,-0.24142710333883924,7.89136452362989,-2.7203088258969883,5.614998659946847,0.6516276681950562,0.31545376248167134,0.11343843715818686,0.24382978784316736,augmented_1
-0.031013800860276042,1.0356449871109035,-0.15329170886782012,1.3247044592764499,2.572195272826665,-9.136032691519397,0.842981085349434,0.3545788606407007,0.2621460536337764,0.3876892191521847,augmented_1
0.11290624326781312,1.0161482171418192,-0.4338876799397718,-0.3162966106985828,-52.158518603847064,-9.241708646507828,0.0,0.0,0.0,0.0,augmented_1
0.19100239110016046,0.9576226003436755,-0.1468189917316521,32.115282383130825,-71.84650767966413,-30.123183299627403,0.0,0.0,0.0,0.0,augmented_1
0.23467399227373242,0.9797095383346041,-0.19967398929822466,8.023488257634979,85.57406841442477,1.4308564320946988,0.5861062340709201,0.28077976037397007,0.07139998288367758,0.18066037482581557,augmented_1
0.041655760512991115,1.0156931257239317,0.0202943140605361,-10.62901007451688,8.724264103155344,0.11612215290900281,0.46614539565434515,0.18136986618102224,0.12353370363652948,0.6046670467405594,augmented_1
-0.09570037433525874,0.9426035402747672,-0.18213647733461297,-4.925257999413067,-13.388462483006597,1.3647242842582856,0.5705516937133303,0.2292312638429215,0.2213851275713332,0.359481116999222,augmented_1
-0.16912102849262875,0.8497589917299793,-0.4467951009894029,-37.41666648641985,-24.4761489886761,-0.17638801526129685,0.45447210290776646,0.0,0.21601072832659596,0.06008502757116408,augmented_1
-0.09889767762444646,0.9574746696943028,-0.6793887592081163,116.70764670042966,18.889114533468213,-77.17550432904312,0.0,0.0,0.0,0.0,augmented_1
0.20361322229042864,0.9992193021493362,-0.18331137878069947,3.324197917912333,22.805736555953597,14.850746772000507,0.1431845968487154,0.0,0.0,0.6888000222934524,augmented_1
-0.009766793667433426,1.037183898545359,-0.18706579493893938,0.9078590108739891,5.326788378836873,0.7232429650839305,0.267802948699447,0.11760062030266243,0.0,0.4444376687362782,augmented_1
0.020718733571806078,0.9843031837203818,-0.19858803992725463,1.5791167602477743,-2.6228633613001335,1.9077869295791625,0.3665164663867727,0.18461116540261735,0.0,0.3781089463906638,augmented_1
0.13308042443363763,1.074442832926085,-0.32448449293456916,-30.89464695183795,-14.220466887435494,10.82018173949614,0.0,0.0,0.0,0.21602512981193261,augmented_1
-0.009798458945853183,1.063054609395491,-0.4337196391421888,42.62212736347093,12.12506014416413,-14.315587022530911,0.13771849657509086,0.0,0.0,0.3544995164437832,augmented_1
-0.05068094539343129,0.953416927239232,-0.24655935565013481,6.058164408718964,3.518927006827712,1.8379924170619997,0.7134495449649834,0.3241175479199795,0.14502797791276853,0.18388629028242826,augmented_1
-0.09422498807814564,0.9830117679101765,-0.2055135110728652,7.917097887615755,3.9717043829933427,-0.8119357749648074,0.7506926284364308,0.36792496650294076,0.23433478788720552,0.1851915514629734,augmented_1
-0.07247760445536769,1.0450779605629266,-0.18810341623393032,-16.71052761544648,-4.446544195262221,13.49133805059609,0.6309898212941046,0.30661483821702773,0.17569713296313264,0.4191068149504002,augmented_1
-0.2217055222324878,1.0431287658151907,-0.6003102043531565,171.9392039972375,-76.16565052869466,-83.45523167405908,0.0,0.0,0.0,0.0,augmented_1
-0.17135855252124885,0.9613038726303662,-0.04168209083188798,-2.3230257999396158,54.92125400478291,45.65955992494012,0.2095379046611345,0.0,0.0,0.5792002921152652,augmented_1
-0.09676684944729391,0.9493661599419313,-0.28097338305301595,-33.78047192849269,1.103071510207619,19.868768302335678,0.9603384432321993,0.3242327991278079,0.4337618647120249,0.07783164190443169,augmented_1
-0.4130270393536011,1.1374142611516946,-0.626050073961176,161.43802295694593,218.75852355761506,-112.16773685449145,0.0,0.0,0.0,0.0,augmented_1
0.2714832689368372,0.9140889793410325,-0.09563840650615316,-7.100407140547824,-53.666208877671515,46.11558576748601,0.0,0.0,0.0,0.15009186114172518,augmented_1
0.020104051721425504,0.9697101990166402,-0.2728484009153375,-40.50841880162817,-12.293677836574979,18.34165354350302,0.3342258780708574,0.19986160511804182,0.0,0.4399821141292924,augmented_1
-0.4352650381719531,1.0007269735836921,-0.5725262051568082,51.44627035496619,140.99251745642158,-152.3505297998964,0.0,0.0,0.0,0.0,augmented_1
0.1145018421470137,0.8992832706286398,-0.20477962585564288,33.61572816477113,94.58952962116625,-16.411017986284374,0.07229259113656572,0.0,0.0,0.5837553610782721,augmented_1
-0.14575241036370748,1.0145131726651893,-0.4047639330895426,-42.49921727838071,174.26467449065788,5.661671378850982,0.0,0.0,0.0,0.0,augmented_1
0.355513061269683,1.2514158051259479,-0.09023498049635292,-27.014834526929768,57.614978538046145,7.591632994261007,0.0,0.0,0.0,0.26719793258948754,augmented_1
-0.09048954544028424,0.9904027515967608,-0.2521201661727713,-24.00327122180186,-20.760870451849637,28.745368061225086,0.6418696528414012,0.31378197430501514,0.13888634599775343,0.18076542234574086,augmented_1
0.23595078661193053,0.8133312617655277,-0.7606850113080836,130.0887699878626,-68.1991473761109,-87.97922023550319,0.0,0.0,0.0,0.0,augmented_1
-0.00958500771287901,1.099446751595397,-0.03070382686905674,-15.688953066702618,-21.530999687118417,46.77769738889169,0.21153382861005915,0.0,0.0,0.5442436570735917,augmented_1
-0.1619342592285277,0.9836415814489508,-0.5400265347969985,-53.451323983227255,-46.39810302489534,46.067681778560406,0.9533384571854473,0.18672291409482678,0.43007382518206516,0.0,augmented_1
0.2967625287442231,0.9765136406386844,-0.08784758473755394,-3.3144960733884514,34.88754681737348,23.117531585218686,0.0,0.0,0.0,0.5912831999775279,augmented_1
-0.06704929305340573,0.9605504125942869,-0.31315628674779417,-18.36397512473944,23.444266175938527,21.31725740040515,0.8395952497239834,0.3096067059121985,0.3514195824643931,0.05704704878347935,augmented_1
-0.2468003795720721,0.8758673800671835,-0.7874192162172956,-25.674172793127386,-26.92668389469767,23.453215073667113,0.25063118301408627,0.0,0.0,0.0,augmented_1
-0.1449634067613422,1.0217437813744954,-0.48636620690759597,37.19094277083714,0.9601016862568362,20.6514851891246,0.13772697000165046,0.0,0.0,0.12993852209926374,augmented_1
-0.08387359178607653,1.0470108484632559,-0.20378214542916415,5.764260968257949,13.513925980007691,9.253650928387469,0.4974467563902605,0.23259162270761466,0.07156800419005593,0.4458596220637098,augmented_1
0.1754871993372797,1.028123309429581,-0.3712452531850109,7.875534136572881,-4.469533926819624,-51.380843601319015,0.0,0.0,0.0,0.3172363272702447,augmented_1
-0.17394930903802963,0.9802534725072193,-0.4090723925381272,112.22452615435819,135.5858892279589,-59.24948461322204,0.0,0.0,0.0,0.0,augmented_1
-0.10332092548500307,1.0458299486157854,-0.107161173501912,-3.0973293317275346,14.517635024660006,13.91763126402478,0.3484480436351407,0.16229210926002172,0.05058661298413632,0.5190142739461843,augmented_1
0.07014101217226647,1.0515304953032794,-0.4735260483640219,-96.9804752755003,-5.507218367024272,53.810214763548665,0.6378814967213633,0.2967332781872521,0.08568647097015765,0.0,augmented_1
0.020167965296234866,0.8122956859613487,-0.5451100805832834,21.109041460853867,-38.56381185680147,-16.616698273531416,0.0,0.0,0.0,0.0,augmented_1
-0.09699014372037755,0.9933325927468711,-0.2010745485706424,-25.175805994294166,10.193462621580142,17.464089445947103,0.5494341429473836,0.3972388421969778,0.038922058430407594,0.20139315595870122,augmented_1
-0.03852432893788694,0.8586096708942039,-0.652155343765328,25.375558432841284,24.174035790761593,-40.50682734178138,0.0,0.0,0.0,0.0,augmented_1
-0.36606271343891417,1.1623548994686381,-0.4003589021430055,60.06891250451316,-36.918265128924666,-16.855731142954482,0.3896946293289464,0.0,0.08858928219849169,0.3108017845627172,augmented_1
-0.10267574822184805,1.0415517905098433,-0.2076382548190474,1.1463259903672511,2.3709495244236876,1.9829042207140786,0.5145509158921117,0.272006809078801,0.07225531238450725,0.3156665920698441,augmented_1
-0.048470279780198355,0.9610291808182797,-0.22505958161325942,2.7691313587137536,1.0903139101019554,-0.6318945594980343,0.5243252171155571,0.30713897109969246,0.07301042681035509,0.3503380083300834,augmented_1
-0.06292968930248774,0.9713168995194313,-0.21115298757161094,2.859409204094421,1.5114706144888401,-0.3095499067623391,0.457493727821037,0.2821017560593524,0.07685539770999485,0.2742777930656712,augmented_1
-0.08150110481295852,1.0682004891186954,-0.20457346644726584,4.520815504014268,0.17868161766705967,3.396112831474038,0.6063499680558421,0.3681054302969862,0.11406804045751572,0.25338500346975923,augmented_1
-0.2535973617167431,1.0659864009394016,-0.6458899755189748,7.2850642770821645,500.2168070581831,-85.38695464658902,0.0,0.0,0.0,0.0,augmented_1
0.34216221942329206,0.8301854336544718,-0.1678625070831661,-19.197349790306973,-34.22605895921493,26.62334856829029,0.07875130950096394,0.0,0.0,0.32488951112708586,augmented_1
-0.11460281340564729,0.9643488207521778,-0.42273445093729456,-67.10455990581333,-1.7085928441654212,27.09562847699357,0.8109268537290532,0.38572808256340485,0.19561136250904498,0.0,augmented_1
0.2714069820382068,1.4023938405865675,0.5011939321539279,-4.943808588509937,-3.6018696900818314,29.05219008316078,0.0,0.0,0.0,0.09032266787237933,augmented_1
-0.15684183144258837,1.0500229607901057,-0.3151016108065505,-43.26004512293959,-4.172398273451419,20.612866548865956,0.8654220067386701,0.4843885417572765,0.22817609709627493,0.05115473488238011,augmented_1
-0.2245237799882178,0.8325773818888872,-0.6052260179642398,128.01748205413497,-20.750799469349335,-58.673544091594174,0.0,0.0,0.0,0.0,augmented_1
-0.009834657367313296,1.0255541371543473,-0.08637836841613694,-20.267496738776064,-61.20400054700568,53.50553901382195,0.21449869483258252,0.0,0.0,0.5234630251582773,augmented_1
-0.20472024743447892,0.9687501896255082,-0.33817044898812904,-28.382799389024022,-8.35588989292313,16.702081381930444,0.7496609153751945,0.32608586545142126,0.20914771077355898,0.08684621310891258,augmented_1
-0.11282683439815185,0.9220541030358461,-0.685550005639484,42.16151257955853,-184.5670698825521,63.20491069437933,0.0,0.0,0.0,0.0,augmented_1
-0.0956538032665023,0.9611382528063079,-0.2238773095521979,1.2599642545115228,2.5221149806683396,2.5336322704843504,0.6485356249686093,0.393917591451057,0.09232543477385874,0.27932673268187985,augmented_1
-0.09937060939208597,1.036313143723749,-0.2381984308604689,2.562627502487331,2.172988627485288,-0.6233966116281193,0.694039374133265,0.3900334800520976,0.10493369339604752,0.30130401354318426,augmented_1
-0.09573407478677586,1.0012090605997612,-0.23633906869409646,2.5049220769838487,0.0,0.2952651372292024,0.6556362100443343,0.42274990775642335,0.0961143073524743,0.339892314422674,augmented_1
-0.09694744140727742,1.0033430329187936,-0.22998453331569718,3.5139173892815805,0.3155322776937646,-0.3168967037162501,0.7117916963314931,0.45001399110271084,0.11048233622109878,0.3174842295448763,augmented_1
-0.10232003493108358,0.9478828331674936,-0.24345697749844986,-4.145194202139302,-6.46559053887977,-2.0452068210274486,0.7408709657784414,0.45407838278378415,0.15434446603950946,0.3518761867260454,augmented_1
-0.09238626470146578,0.9936356748985133,-0.6149547346203335,-68.57676211471708,-74.97594206386223,53.962775593886505,0.0,0.0,0.0,0.0,augmented_1
0.17608816767101082,0.7834366058646905,-0.8319563688184579,96.72322679879852,25.880542486502307,-100.7145614795428,0.0,0.0,0.0,0.0,augmented_1
-0.010107377743481003,0.9763380615620729,-0.07773170696161671,12.282442253038962,-29.38560541954183,31.28278560062881,0.15152339124177075,0.0,0.0,0.7007730476461913,augmented_1
0.05179345281027187,0.9687585344849812,-0.1048034647073825,4.0141818467692465,0.7007895036491929,2.410567270083269,0.48590556803747237,0.1660946379639724,0.13456503711901738,0.4924945678092849,augmented_1
0.05772632373437933,1.092086622665278,-0.15226744727526875,5.025753502009174,21.255619248160844,-4.832590047185915,0.5699056160034983,0.1758699827684389,0.19519448159537872,0.5190155530511722,augmented_1
0.030066377850320337,0.974247254541004,-0.19850031519091219,-1.5112210135747914,13.818846166931092,1.6324909930296723,0.5009512663162801,0.2360221710383751,0.11468733866251014,0.5189774306578777,augmented_1
-0.039906809819676016,1.046770118187576,-0.3656925743358216,-29.680188450867355,1.1143786861642302,2.752886884792034,0.826166185136095,0.3118798458570195,0.2774772438062915,0.05748426477693714,augmented_1
-0.20927934384053137,0.9419933088358299,-0.6616387743684636,96.07994245295592,4.6667428979286205,-42.61727238285944,0.0,0.0,0.0,0.0,augmented_1
0.039934855714529545,0.933642450271159,-0.20974425266474475,10.323818990972597,43.88507056589673,-2.8737279656550965,0.3811798329937408,0.2422432091571474,0.0,0.5201733337653179,augmented_1
0.0,1.0167026888221742,-0.19178465480520382,4.064778182714837,0.660125759004696,-0.30691510073167044,0.5517045473176845,0.3161913609976603,0.0,0.5119061428017735,augmented_1
-0.01027477387012035,0.9799603978280663,-0.19893902335014998,2.159771186683344,3.89810932054424,-0.6851362039916552,0.5839329228053577,0.35059939554466385,0.0,0.47210383366262754,augmented_1
-0.010324706079974232,1.0399679312208374,-0.1771926579962108,3.10627531736348,1.3390416334480097,-1.730596813604888,0.5006148366414518,0.33619514729367395,0.0,0.5534518782409167,augmented_1
-0.019845518223275908,0.9850217972439238,-0.17225694214732953,2.959056469293934,-5.211139659317213,1.869260475618507,0.6064314930979254,0.398392422050743,0.058918995966258186,0.4040804012061866,augmented_1
-0.01973269976080471,1.0344217668525364,-0.18199466431690214,2.6351066954941786,-0.059557118126243994,-0.31609245835556254,0.6670002315175435,0.40899413809157875,0.06862595919375274,0.4068900111553874,augmented_1
-0.028645751605433076,0.9641071593583198,-0.1763031687918449,3.547873142918057,0.9932315144636567,-1.1629995815970595,0.6457024587267494,0.44602353665362987,0.08772087922753201,0.3654185659956299,augmented_1
-0.031160091594065145,1.0213933606184746,-0.1759801464808143,4.085843068168454,0.24447152167964875,-0.9252194058798251,0.7283076859690956,0.4678776005250486,0.09511511908777709,0.3920476676843427,augmented_1
-0.03077480914941154,1.0280120992939015,-0.1551126095140329,2.9602902023158317,0.5842402767686398,-0.12594122245287814,0.6789962536130111,0.4457386998224881,0.1058445069300014,0.4262001709977182,augmented_1
-0.019244988964318987,1.0223225516129046,-0.16259500969135968,2.7887435066471498,0.0,-1.013003187282193,0.71432997014905,0.4401982873438815,0.09690012696288067,0.4575984563888172,augmented_1
-0.030495538774211482,0.9714356636824685,-0.18600599341708507,2.659195056579789,0.1881969920335127,-0.356499831431522,0.6692768253511054,0.48071969357962074,0.09619818616901893,0.41893061982566293,augmented_1
-0.02894490305606895,1.0383230345205252,-0.17317703762231632,2.3652525269119558,-0.3211260297416028,-0.4761214302358861,0.6814904854963961,0.45930659890458475,0.10082495586758017,0.43509078409851865,augmented_1
-0.0301232127599701,1.0098547122300772,-0.1829796386407104,2.5951470033974386,0.302474618826168,-0.3815874292568187,0.6264012714210474,0.4237974685261694,0.07277823036817366,0.4615046792345657,augmented_1
-0.030552562958599164,1.0337968822299548,-0.18489899386145592,2.9097471776904054,0.0,1.439870493679603,0.7816545144520161,0.49040037236791645,0.11655249671581694,0.46050944803561816,augmented_1
-0.050299963740100845,1.0066998841060042,-0.1733499659098626,4.588198367605984,-3.588020745984361,0.5368160884198224,0.8433011257172671,0.5186295855828768,0.1539540286779474,0.4432368227823202,augmented_1
-0.030465788095768,1.03420013284447,-0.18951148469371382,2.148630269795953,-3.4275170749116466,-1.1615236880272743,0.8057201473175893,0.47969581134378425,0.1327287944067347,0.3722884461890562,augmented_1
0.030279549776422283,1.012101065033452,-0.17793452680165198,3.9075044221947652,-2.9299703083697497,-5.192008021900854,0.5537557748639519,0.36685433477182683,0.05174462530467782,0.47930362762906703,augmented_1
0.05955877591520287,0.9472761786999746,-0.21964211971010006,-21.180160080246665,4.503783649274899,3.3693934285086566,0.558290539725757,0.3302156496569789,0.06168942447477002,0.41813886122921806,augmented_1
-0.05124498278999495,1.4338635237313753,-0.0719775352553267,3.4582855758812956,33.052338284783445,-0.7014774451839024,0.06083182252110491,0.0,0.0,0.04967009006338614,augmented_2
-0.13556793726165894,1.0054085707415283,-0.3000845615522328,0.06266405017454912,-7.211319016819912,-10.218096223201565,0.0,0.0,0.0,0.4321426959116287,augmented_2
0.16370889374271136,1.0346991668336427,-0.25593565762654513,-10.09452406659068,-12.689938401994809,31.837590797151627,0.5477618537218075,0.2263302266960255,0.0,0.39896264872017795,augmented_2
0.031216415876186128,0.9707530154192288,-0.20725364126262,3.7080514227250894,2.8626116608446672,-1.0551434894529406,0.7225349032439711,0.36403533339465993,0.1120522318968274,0.27493820721109563,augmented_2
0.02889112787750149,1.0511509220295645,-0.23566770125647696,-0.4161463369659546,-8.57976100711114,-19.58170784063076,0.23561435972715145,0.04791612607389861,0.0,0.3433890823280641,augmented_2
0.1818900205826718,0.9521283913382209,-0.24166988113463408,4.05542966307133,-4.633190931206318,9.072045127553148,0.05928865133418965,0.0,0.0,0.19047703538142335,augmented_2
0.09788103456569978,0.9310989764946812,-0.10452557548082322,5.99666395114933,8.592240587606804,-0.5262349896252312,0.5148317787740956,0.25101579846730665,0.0,0.28276580812563856,augmented_2
0.07917439246062445,0.9512763060984203,-0.20969404700222324,-2.1747838597641542,3.519515608711037,12.192466662062907,0.5408459703822418,0.30051043505103653,0.04925025491730259,0.4702392993149568,augmented_2
0.019648130702070485,0.9573324073915606,-0.15124714156763155,5.352853934987842,-0.12095296862614852,-0.25073327487371316,0.7960227871026512,0.38730517808066356,0.10193827255286997,0.3860343920034149,augmented_2
-0.04047791754552412,1.0016836780612823,-0.17715969382559593,2.802779583102582,-3.9780483718942397,2.2910891565429083,0.5718115151784265,0.328834167695195,0.0499701283497829,0.5133658774268426,augmented_2
0.0,1.0939040975146763,-0.1830104867955056,-4.856182745821929,0.8429869657733107,-12.181336800835384,0.564239990726495,0.3187464503875293,0.05998769556835557,0.5001602458385562,augmented_2
0.22522046459216521,0.963361519560671,-0.3414188189408157,-28.124670418063907,-62.92296890174824,8.250177595943233,0.0,0.0,0.0,0.0,augmented_2
0.020210152676432128,1.0042966860688203,-0.19661929883030257,3.018709551170875,10.375299833686404,5.192425329105229,0.19453920201547661,0.05088792500031084,0.0,0.45670080866106727,augmented_2
0.00950528907236935,0.9973390962093517,-0.2171035317167119,5.271643878690382,0.697658618625736,-0.7645977266405797,0.4621286212352325,0.2113057637737488,0.0,0.22416209775036497,augmented_2
-0.009860012893523567,0.9976878156514364,-0.21883472174845064,7.830709405118975,-2.7196781617751418,5.831132328740373,0.6530685789597361,0.34339207380259396,0.11113026571282175,0.24747807001719083,augmented_2
-0.02992484804482469,1.022823905963248,-0.156635746835411,1.284749801901063,2.398221437389703,-9.188976580903018,0.8523928365510854,0.35520136034425126,0.2668577314161924,0.39768650898414565,augmented_2
0.11016417113657183,0.9780129271916903,-0.4537092495398056,-0.3207931413730131,-54.7348675669098,-9.396036706916705,0.0,0.0,0.0,0.0,augmented_2
0.1936763684410476,1.0291385469819603,-0.1565085336168449,32.82644355613439,-75.3815469033221,-28.811272976710796,0.0,0.0,0.0,0.0,augmented_2
0.2466360355995727,0.957357106052165,-0.19272358401034834,8.097097025130259,80.4116483877329,1.4080474084366883,0.5928662983669047,0.27415390402810974,0.07193610466301045,0.18378774033737488,augmented_2
0.03929077026407367,1.0312158748139926,0.02026073490077486,-10.950579709408984,8.865822947042554,0.12452666730632544,0.47883633411009974,0.18091116399864168,0.12396494441961671,0.5901666584221857,augmented_2
-0.10422662146089018,0.9983021970192408,-0.18084873629886516,-4.959384123006715,-13.649776252085045,1.3175743326521423,0.5599165218208715,0.23801234475471517,0.22648027677829638,0.3806818823061264,augmented_2
-0.17427637830395742,0.8627793177447906,-0.47901388293691066,-38.34469167944492,-25.17596505965726,-0.17821023450142973,0.4555392415297951,0.0,0.20675205912493516,0.059370387026862655,augmented_2
-0.09707352739335405,0.8785085511415063,-0.7152895066427516,111.22241619946381,20.032080725990454,-77.37670652909677,0.0,0.0,0.0,0.0,augmented_2
0.2053541603506299,1.0019055184856913,-0.18290651019457319,3.240738184921155,22.116563153319692,16.066424913362738,0.15145625032724389,0.0,0.0,0.6789156552149856,augmented_2
-0.010414060903403258,0.9989121136591879,-0.18741416867803645,0.9333245626281418,5.525637166178938,0.6975823575770289,0.27349925176900225,0.12475452320684674,0.0,0.4686823275552653,augmented_2
0.020279567773047093,0.9782580861476512,-0.1959057650418134,1.5645036384555917,-2.7443969633418863,1.7896401545731828,0.3448687779522703,0.18676239769354547,0.0,0.35693941263688006,augmented_2
0.12716060045471292,1.1149338372643656,-0.3559354526211734,-29.686644368295507,-13.71139230829528,11.051214896901014,0.0,0.0,0.0,0.22719469894683955,augmented_2
-0.009894779715798446,1.0143236277264673,-0.4330730669869561,42.94944102034251,12.203175232724075,-13.876246317869123,0.13819032889058702,0.0,0.0,0.34273840995811417,augmented_2
-0.051559632398394166,1.0417227791859256,-0.24400583259980285,6.3381577273101755,3.366691740607754,1.8724829039755677,0.7011597184167204,0.34452798490687037,0.15149540939366482,0.18860740069339174,augmented_2
-0.0922482606310931,1.0426328924699764,-0.19727965493615732,8.32423579095777,4.041072868474503,-0.8664045144396938,0.764523667267619,0.36797093682204796,0.23961430743376,0.18369514640782625,augmented_2
-0.0716227163741757,0.9900686751992762,-0.18798176790650908,-17.090269472966924,-4.42784080797952,13.103980475577675,0.6047675091590421,0.32889552088693974,0.17728455045242505,0.41245644125176045,augmented_2
-0.22643817661126933,1.0429833088530742,-0.5981066119643149,175.16597952991472,-76.22802570266583,-83.54115375417992,0.0,0.0,0.0,0.0,augmented_2
-0.1697773718157059,1.0288847008715296,-0.04015366202741389,-2.2191242072834583,55.90933733617891,48.86118411237087,0.1985846688922827,0.0,0.0,0.5945885714598708,augmented_2
-0.0962866286310417,0.9468903543685795,-0.2771320845501554,-36.47989205261124,1.0988561140326043,18.58269033221776,0.9974018014314681,0.3319350280186035,0.41981343653965725,0.07750821624851077,augmented_2
-0.4196271356834437,1.0764211063220768,-0.6001485442738507,157.6547355633248,204.0500830136773,-106.90972705686293,0.0,0.0,0.0,0.0,augmented_2
0.25557558259155644,0.8388299175405366,-0.09515973348651297,-7.188645378286013,-49.83580094761639,43.39649339720743,0.0,0.0,0.0,0.14761709456620126,augmented_2
0.02082052919554981,1.0300200436343805,-0.2567693221932282,-40.79021929637489,-12.619053418511305,17.324487013293197,0.3222674399432603,0.19388167889731528,0.0,0.46299879745971156,augmented_2
-0.44696516551016235,0.9882853096234484,-0.5687393775994859,49.08550413694682,146.340287880595,-150.8576037003492,0.0,0.0,0.0,0.0,augmented_2
0.12150287377422662,0.8404476987240467,-0.20210694780847183,33.76857564265934,91.83835327451243,-15.94214174255917,0.06769639945221398,0.0,0.0,0.6138195290124674,augmented_2
-0.13304877211368948,0.9666180429936898,-0.42243523771214675,-42.93557422389514,179.28913002841495,5.610066812070412,0.0,0.0,0.0,0.0,augmented_2
0.32524679560483766,1.2122523573681512,-0.09034155405247583,-29.25281646755295,53.15505390788043,7.605375963677944,0.0,0.0,0.0,0.27552526913448944,augmented_2
-0.09021469564052438,1.0724546056692927,-0.2559775315336281,-24.76540923146443,-20.709328333498593,28.05043146484669,0.6656715316364025,0.33527307300932113,0.14506500471827832,0.19462500903545832,augmented_2
0.21993775742540286,0.8373442642482497,-0.8181065002474059,140.6405740866524,-70.84560861252282,-85.97487387004124,0.0,0.0,0.0,0.0,augmented_2
-0.01012720553468151,1.1173147173203584,-0.031271709365814374,-16.464270668513176,-22.879817117271195,46.89052775947535,0.21113497033482492,0.0,0.0,0.5390789859476696,augmented_2
-0.16692516867226784,1.0258756429330982,-0.503368661349053,-58.46806482778108,-45.57882023655394,42.83844799382608,0.9326084563280638,0.18480052282778428,0.39344845727090416,0.0,augmented_2
0.292089277477392,0.9643719270290099,-0.09037511524880759,-3.39246668721873,36.365807253991676,21.617850402762578,0.0,0.0,0.0,0.6476744768877717,augmented_2
-0.06746811264891375,0.906162532561567,-0.3254957188445383,-19.185137188062516,24.344328745302025,20.953413727849778,0.8623412879280786,0.29539554692014636,0.34921945057506687,0.059455034831831545,augmented_2
-0.24298141906090104,0.9157687840107432,-0.7710392717604295,-25.622714427075636,-28.645934162329663,24.29580634867169,0.23051690813929893,0.0,0.0,0.0,augmented_2
-0.14164943627615187,0.9843128530832882,-0.4785298808899414,36.04317488669773,0.8945387030309823,20.141236385712197,0.1360584348801164,0.0,0.0,0.13237100915447939,augmented_2
-0.07926484087861894,1.0749350592504883,-0.19405536596955458,5.879440761324844,13.974697054067887,8.966314809174282,0.49475504025635897,0.21974270293283857,0.07293384606155505,0.4346552627504372,augmented_2
0.17175928215287461,0.9655045530364481,-0.3745484110869005,8.40061100406252,-4.374542994733007,-51.022732769963326,0.0,0.0,0.0,0.30434533424564714,augmented_2
-0.17224794463503842,0.9818092623035284,-0.4078672510366702,121.94678352442932,135.52850665110319,-58.695863542334415,0.0,0.0,0.0,0.0,augmented_2
-0.09846766342754547,1.0553032206878132,-0.10757370617874666,-3.0631325613424893,14.840774689936712,14.249137086330121,0.3465234050581377,0.1565159371343824,0.05246265490945434,0.4854552852734839,augmented_2
0.06673721088962323,1.0948198368014204,-0.4587994417650245,-98.1397960489925,-5.7794554128797335,52.448680165368316,0.6610947233693575,0.31463033146738223,0.0868883899903607,0.0,augmented_2
0.0209569288393511,0.8192007623928991,-0.5348092382666709,22.78331127881224,-36.44037173173954,-17.410258752750675,0.0,0.0,0.0,0.0,augmented_2
-0.09605780807113556,1.015607178131321,-0.20170257694332003,-25.392036893761798,10.800971050913434,18.019007869592862,0.576188303906582,0.3809043701989361,0.03971286929928392,0.20941681902500356,augmented_2
-0.03831496314301198,0.9138645952183896,-0.6356823146284658,25.71240520986097,24.275784129978966,-41.80243312618858,0.0,0.0,0.0,0.0,augmented_2
-0.36734593105408403,1.1143760779567178,-0.40529070123710903,55.66653942122255,-37.932166574515875,-17.177972685685752,0.38639379057966683,0.0,0.08766762700454021,0.2981579847163301,augmented_2
-0.10070211405105374,1.013554349382061,-0.19982802080966142,1.0691124386370037,2.405527046872427,1.9500784870779218,0.4986723004739352,0.25679832153095566,0.06849645580648028,0.3160031000046788,augmented_2
-0.04859156110668537,0.9921693250137928,-0.22159854057943773,2.663329330338507,1.1230254370467165,-0.6168521255740982,0.5272395230368684,0.3075474744596142,0.06967827267101548,0.34615789703394256,augmented_2
-0.05750190133367272,0.950150855428509,-0.22769068250241448,2.6936005423295515,1.521519150758154,-0.30221526317413105,0.4696115962976635,0.27358484879985073,0.0788404348733555,0.25678384426441225,augmented_2
-0.08151768879653994,1.0383852918483327,-0.2029314517198847,4.69423582478017,0.17518112008409864,3.311602430287995,0.6531154816606526,0.3616879292004092,0.11030676025191738,0.24770576159793223,augmented_2
-0.24788269520706097,1.0501200877375956,-0.6241968834562509,7.398504613553249,460.33659994553244,-82.5274040567119,0.0,0.0,0.0,0.0,augmented_2
0.32885986662057676,0.8721224117778557,-0.1626882788093036,-18.811636352771174,-32.273300425661226,25.3882505977486,0.07932086593030829,0.0,0.0,0.32561848985606745,augmented_2
-0.10562093413176434,0.9440691483564021,-0.4273322905588179,-66.92493657239976,-1.6498096391015917,26.92895039758922,0.8486988716136735,0.38862953380238574,0.20689139792130484,0.0,augmented_2
0.2855256838352533,1.3359970955339322,0.48190511740039077,-4.898702067486024,-3.365877453884346,29.13607001865673,0.0,0.0,0.0,0.09111653833823473,augmented_2
-0.15013204326164786,1.0831875737301724,-0.30434917453081556,-43.28147054209179,-4.271941549591654,20.95022887231539,0.8994633240037402,0.48205034243024963,0.22179413654329372,0.04889311778416744,augmented_2
-0.22625525246503178,0.8565763212249258,-0.6453121237899965,134.69073810317374,-21.66213569757855,-60.61690178638758,0.0,0.0,0.0,0.0,augmented_2
-0.010143766692229335,0.9781865131225338,-0.08616411107412711,-19.325681100866934,-63.998922395737544,51.73525781374847,0.20349600954324373,0.0,0.0,0.5491722257895231,augmented_2
-0.2086872428177778,0.996851402829442,-0.3423750612755954,-29.596653176568342,-7.840090949213032,16.09475882678421,0.7178109016987109,0.32100692553661586,0.21517491096147376,0.08819889899918494,augmented_2
-0.10898302554103757,0.9868040926705812,-0.6623209238821102,42.37428653045377,-188.26972147863208,58.93678673257404,0.0,0.0,0.0,0.0,augmented_2
-0.09567218655941462,1.0211020449833341,-0.22732839203109018,1.3057783021488256,2.432252318990352,2.707733922022139,0.6054331716291116,0.377456784308372,0.0932030606251866,0.293449721523936,augmented_2
-0.09822613333018487,0.9834011476614598,-0.23030369010342183,2.558206357295307,2.2685877998801534,-0.6043082629835606,0.6523792792317339,0.40442322656690777,0.10932749842683623,0.2957472921262019,augmented_2
-0.10371040259153302,1.0255390250090313,-0.23831048017359854,2.491073543420525,0.0,0.3205385453416182,0.6305684510413988,0.41010155514173985,0.0955544098179842,0.3278936199707719,augmented_2
-0.10479094457936805,1.0586374481635308,-0.23338154548087975,3.6263880897505003,0.3116540698546118,-0.30398302185588644,0.7039775192025491,0.42843083924096814,0.11426748797471008,0.3153775917133562,augmented_2
-0.10183035563790593,0.9453313255682539,-0.2365180241721355,-4.132395800954232,-6.4143335033535225,-1.961697691837101,0.7391402401291267,0.45908106093067386,0.16173803226296302,0.33349898444100884,augmented_2
-0.0897490980336821,0.9912195832520986,-0.6045468964980624,-65.65350336825101,-69.56337807644293,51.819342683273646,0.0,0.0,0.0,0.0,augmented_2
0.17779614686860148,0.7703201078031507,-0.8362596138236307,93.16966478739822,24.63479903840866,-97.91219165093462,0.0,0.0,0.0,0.0,augmented_2
-0.009627988520224678,1.0521115617276038,-0.08281699968473259,13.398074624083998,-29.025554367107468,30.13388779494172,0.1497732686779684,0.0,0.0,0.7046407498406053,augmented_2
0.050348337689539016,1.0026458917772523,-0.0965793271849441,4.068155332635927,0.6721428506847843,2.3575828463742736,0.4781806594288393,0.16217733856152503,0.1315737051642726,0.49238908511716084,augmented_2
0.059635667745343186,0.9984270223217312,-0.16566302886072248,4.984001253150286,22.344327669370454,-4.6751701788939055,0.5463543915335923,0.18268886785201988,0.2078474383511217,0.5234372419386639,augmented_2
0.028746812519561665,0.9665756301783238,-0.20558889944916603,-1.6195786894396718,13.064254530178843,1.5648623452235568,0.5024837645544706,0.22627476128032256,0.12171029109401671,0.49529353486125016,augmented_2
-0.041438964462653376,1.0215119614027486,-0.35836059290298766,-32.37691505399358,1.1299491311602268,2.6609611263967743,0.8151534478519757,0.3141260324746138,0.26275117849045765,0.06023965030917942,augmented_2
-0.19786185144551172,0.9504900001178611,-0.6176326025018747,93.08646600133306,4.805761330703163,-43.48615088003562,0.0,0.0,0.0,0.0,augmented_2
0.03813575369518494,1.0018919268458129,-0.1956245227674971,10.036137201702546,44.653528535697696,-2.9437821553873693,0.38902037345527063,0.24838808943947907,0.0,0.5273539160369922,augmented_2
0.0,0.9745999574235008,-0.18759193474249253,4.151821476268357,0.6827537268350125,-0.3228648414535404,0.5226761841456158,0.3355957238276172,0.0,0.5020280311324599,augmented_2
-0.00987516616211403,1.0473387189879246,-0.19506273950478678,2.1247169900335026,3.814333667851541,-0.6806463957412128,0.5890748298739412,0.3473121071526986,0.0,0.4597063298165709,augmented_2
-0.009740894042291018,1.0292226109339555,-0.17837246005161927,3.2168212500906486,1.3141218919439104,-1.7153974244937418,0.5147693888065111,0.3583694272716901,0.0,0.5405245359175174,augmented_2
-0.020359695269485854,1.0491663978622874,-0.16475990833860998,2.848306813835025,-5.248104514789759,1.8141766405868065,0.6149899034805696,0.403640706306132,0.06080250417490988,0.43451434952028534,augmented_2
-0.019657269766395136,1.0408026837214477,-0.18682023475611875,2.6277971537242144,-0.06251985153465131,-0.30129670542280346,0.6779428459587766,0.4220230789775681,0.06890933407227942,0.41399716057334895,augmented_2
-0.029372287544797617,0.9534099882831534,-0.18825544860642712,3.7453067061724847,1.01321330883377,-1.2601343769241706,0.6347255485288854,0.4588816636332981,0.08666649561145677,0.3659605497286499,augmented_2
-0.030763347241634906,0.9778617480428594,-0.17364409654417884,3.9786918708217227,0.2331726315540075,-0.9326405463195948,0.6849859852994971,0.4729232309168502,0.09947217958816565,0.3927821515673271,augmented_2
-0.028795229787985738,1.0322823462206356,-0.1629407872928515,2.8933889411573297,0.6367216156183477,-0.12257974019918677,0.6927312845752429,0.478338038625751,0.1153333153478943,0.43028061237510784,augmented_2
-0.01959288504450529,0.9943389970400386,-0.16536422918282492,2.5997916501948066,0.0,-1.0839402661358308,0.7014802143166501,0.4471745412067649,0.09950323095500596,0.4289361530918125,augmented_2
-0.030082815999779564,0.9673778541370003,-0.1811482011698329,2.588050049511747,0.18833807950362766,-0.37754888568529127,0.6739406216876177,0.4550638969759566,0.10249762071888575,0.45641290782463934,augmented_2
-0.029338482884327898,1.0253492877791281,-0.17792162304154652,2.275473427199809,-0.32094569902796366,-0.4665492875720539,0.6371291846111952,0.45853702468056645,0.10174396220720304,0.4356118506916728,augmented_2
-0.0301450963034464,1.025522055897314,-0.19079313066157386,2.565218982260176,0.3111498935517659,-0.3632788769416095,0.5812601044703093,0.42105307817053456,0.07295356607554992,0.4861757379812343,augmented_2
-0.03079121712889589,1.06629358646445,-0.1851786029189299,2.8533978242947553,0.0,1.4266304954283782,0.7200434323690614,0.5030671621802139,0.11859336258783151,0.4210935156553993,augmented_2
-0.04958081465608491,0.9606748437983682,-0.17271004283429298,5.053220222593587,-3.475436953959698,0.5506095173123943,0.8255108928348688,0.4964720162024221,0.16053482938121008,0.43523605427962514,augmented_2
-0.030956564673235223,1.0441822998095691,-0.18233223286306985,2.371910771879359,-3.2457768224803023,-1.1277121974254913,0.7489797804061392,0.47724653400982386,0.12859096738614947,0.37385230576795886,augmented_2
0.028929228343977098,0.9917531177923571,-0.17580502942041024,3.926710981194025,-2.9797695568526112,-4.961603255064955,0.516628061037949,0.36299838608344526,0.05040565025738917,0.5054880709871864,augmented_2
0.06024661349535607,0.9488451202853407,-0.22687708760673383,-20.13890718854418,4.786684265205752,3.2812317155502604,0.5308027001624694,0.3334285722574827,0.06295544463536415,0.4254633091061084,augmented_2
-0.04851741659907555,1.4176255863172702,-0.07022107392362231,3.2429856452349597,33.55103977383163,-0.6706452663042614,0.06035907117731695,0.0,0.0,0.04806682918868366,augmented_3
-0.14668046943172647,0.9777022323334562,-0.3227587303799365,0.05736103320859946,-7.752484526962274,-9.894193422789106,0.0,0.0,0.0,0.4174303018143276,augmented_3
0.15251658608642493,1.079634458608491,-0.26986092567701936,-9.451180332233411,-13.018446919129394,30.841260520654462,0.5724909603710663,0.21016596729688078,0.0,0.38753128192463987,augmented_3
0.0311316582841168,0.9963273542113742,-0.2181693105833074,3.4277636580680073,2.801075795364852,-1.0634124052647511,0.6805065477908452,0.3804777315841431,0.10553916984203364,0.2777473748081963,augmented_3
0.029142986009344916,1.0040193591170932,-0.23008406553149444,-0.41445570241442664,-8.219197727632674,-18.940567321998838,0.24672487168035825,0.0502287392914235,0.0,0.31596553084184964,augmented_3
0.1958508649055565,0.9828461664694749,-0.22874195649080226,3.965555191670711,-4.693338631353455,8.885096655959474,0.06226677507559562,0.0,0.0,0.19323884854329418,augmented_3
0.09952278132394449,0.9970356371588106,-0.10873123146048673,5.991965363385692,8.229715149790888,-0.5231713408855997,0.5135743132156356,0.2552003012718536,0.0,0.2701688802649398,augmented_3
0.08021305467515545,0.9951553217763061,-0.20613413587007987,-2.1604836408670343,3.5723052574901217,12.521508293999561,0.5359759204667363,0.28735488006746523,0.05063391217515441,0.4515829922314129,augmented_3
0.01917057128503491,1.0269951487642424,-0.15125341990423338,5.175304896008296,-0.12049130316063776,-0.2488310308512997,0.7955215123949475,0.39830221330344356,0.09546916961622039,0.4057377676560517,augmented_3
-0.041916253424616676,0.9745939725406968,-0.17586955897233936,2.673574871345305,-3.7711620327465374,2.244225044938777,0.5552926480021705,0.34452332931663415,0.048905733576948385,0.49395333112082157,augmented_3
0.0,1.0169758245069123,-0.1850587200789575,-4.572469463780206,0.8170760522671408,-12.39466708964361,0.6149836920815476,0.32051253896600307,0.057162925391016466,0.5220612425795563,augmented_3
0.22592335133721766,0.9199322734724041,-0.3198491069139656,-27.830569304695377,-59.59822194284595,8.001491473313136,0.0,0.0,0.0,0.0,augmented_3
0.019363569871941624,1.0122173840607909,-0.19238719827557485,3.2649162570658934,10.812645944969788,5.192866802937861,0.20258620674811004,0.04832186171882322,0.0,0.45667004026626695,augmented_3
0.010265433992472055,1.0647063556593352,-0.21096471480817516,5.438943304893148,0.6454421391523455,-0.7932402622466287,0.4573435681382629,0.21346645051870594,0.0,0.22297344070748945,augmented_3
-0.010143532088053209,1.0238809212806619,-0.23604571825011506,8.041651555864714,-2.5804360451957686,5.9927205101257455,0.690108679339541,0.33404351843267904,0.10727054428547615,0.25989821718901374,augmented_3
-0.030707672736548956,1.0101822249194232,-0.15173424020188597,1.2236542997014268,2.6151880784689148,-9.329793659209638,0.8497344413551353,0.36380386359271,0.26173080639261803,0.36268182940999355,augmented_3
0.10915595378285972,0.9524600026232857,-0.45294779800936463,-0.3175228634802682,-55.62127247652232,-8.96840484976322,0.0,0.0,0.0,0.0,augmented_3
0.18406701277842225,1.0145600220406,-0.15538569698060525,31.442565121103765,-70.7193526995732,-29.31200378912423,0.0,0.0,0.0,0.0,augmented_3
0.23345103820404303,0.9674211792470594,-0.19763968898532558,7.667091857636643,81.42514836605362,1.4347546721032387,0.548253205186376,0.2939157724685693,0.06739267894741692,0.186739539663608,augmented_3
0.04103055775117746,0.9606780806141244,0.020369951696217567,-10.645476153608008,8.860768774062963,0.12224085436582911,0.4419239439874836,0.18029411471777265,0.11411458069006347,0.6280212694032858,augmented_3
-0.10290933094681365,0.9773744508842478,-0.1751007297083313,-4.932730617201554,-13.832036764213152,1.356710518740375,0.6039710967408172,0.2390054032678552,0.2171221993232913,0.37678706858991984,augmented_3
-0.16157987476528912,0.8163737029072144,-0.4853396578977908,-39.84998334996253,-23.587236283740342,-0.17152184554742397,0.4197027880196138,0.0,0.2030459956443891,0.06251968631901887,augmented_3
-0.0956820717915144,0.9395025786890193,-0.7217971594903698,112.60092043815628,20.1653038437952,-82.47905762254399,0.0,0.0,0.0,0.0,augmented_3
0.20897364824156012,1.0152620531738172,-0.18313821767873442,3.3090676045927365,23.465481853809,16.064958158052377,0.14272356831632796,0.0,0.0,0.6455039081526437,augmented_3
-0.010259633731856448,1.0151580290061597,-0.18823728498815562,0.9051449876157598,5.402402245941548,0.7049386913172432,0.2782472993674465,0.11667426236318335,0.0,0.46790935963798974,augmented_3
0.019229401292627256,1.024999335912056,-0.1817117579479662,1.5181810463455327,-2.583072365809414,1.7795259860859238,0.35728488816828535,0.18074989919521464,0.0,0.3879455327529542,augmented_3
0.12439410539875838,1.0270500684861459,-0.3468542881211601,-30.863432045187853,-13.832024911017399,11.617563260643621,0.0,0.0,0.0,0.22919866583607446,augmented_3
-0.010334964287716283,1.0248882934867423,-0.42468405440506657,43.02136053158143,12.874845914028915,-14.126026724841154,0.1457278124889894,0.0,0.0,0.3572587449998875,augmented_3
-0.052415190875745636,1.0193248209280754,-0.24352449909447438,6.281257007051325,3.5150786657490736,1.8624787488789976,0.6710603078296279,0.34636360724516896,0.15728865948046625,0.1827077983044635,augmented_3
-0.08800024357595154,1.0596033476381952,-0.2066873015058417,8.160908961273652,4.024142118900647,-0.88347881987522,0.7671758568073275,0.39058099909294824,0.2321355271866886,0.1758588928836809,augmented_3
-0.07288150167728849,0.9617728533746148,-0.18899939842253144,-16.356892075611643,-4.135541445860311,13.138536362323595,0.6119420723360067,0.306581446240308,0.17129972120671025,0.4110822728337243,augmented_3
-0.20951317440690673,1.0391209625808924,-0.6458519830318051,168.67305965239572,-77.25077164589159,-82.05064807821573,0.0,0.0,0.0,0.0,augmented_3
-0.16210775967837177,0.9737967935910788,-0.040392871285580716,-2.306461462805673,59.28622173918909,49.324865303933066,0.19394105594401567,0.0,0.0,0.5582963163211482,augmented_3
-0.10476804521242254,0.9562748084152772,-0.3008736399431067,-35.403156559265085,1.070646421905009,19.867387180090077,0.9693021175598653,0.3483094235823221,0.42248845900834664,0.08362713661834505,augmented_3
-0.4276007353408656,1.1169357144157155,-0.6338064676933461,152.4316250451869,220.82674673290015,-109.3634797572355,0.0,0.0,0.0,0.0,augmented_3
0.2475625353420589,0.8512294605236501,-0.09750840319460852,-7.361108638903206,-51.03458989532543,43.93009211156126,0.0,0.0,0.0,0.15322521091805594,augmented_3
0.02086455022920442,1.0247947964330917,-0.2614971468247882,-40.465794218743305,-12.256239367279967,17.594224113944705,0.3186284293992798,0.19284363198160293,0.0,0.4754577726752415,augmented_3
-0.4487183165148583,0.9842158191829955,-0.5749983487596053,48.73839236472647,150.59394950804335,-153.55557107169753,0.0,0.0,0.0,0.0,augmented_3
0.1217591773097751,0.8822664793573385,-0.20475615548144388,34.130624878449446,94.69953699216477,-15.847290222812672,0.07022637114824337,0.0,0.0,0.6003753411498237,augmented_3
-0.13356809919167506,0.97123195650203,-0.3993517870353006,-44.426847364219746,190.71196234121544,5.88493779861494,0.0,0.0,0.0,0.0,augmented_3
0.3339868220734675,1.164725616527529,-0.08845613380610347,-28.83168262752278,54.51231331188808,7.562817561666071,0.0,0.0,0.0,0.282232936529591,augmented_3
-0.09411571381659682,0.9890459692953039,-0.2606100646750294,-25.629167750035485,-20.712571215629687,26.512732656149247,0.6537096237138097,0.33912948255531455,0.13675847102424615,0.19320069750741597,augmented_3
0.231650993693181,0.797776137762196,-0.7806660158762098,140.60379383764584,-71.39142475825038,-88.2519773293902,0.0,0.0,0.0,0.0,augmented_3
-0.009970216915672497,1.1285196704554832,-0.029548014692758178,-16.207403356418375,-22.510037224309045,50.32595745100479,0.2065986262835919,0.0,0.0,0.5639210061164192,augmented_3
-0.16385048220385418,0.987993917975482,-0.49753717211048,-57.58155801665786,-46.04344713650641,46.64459407961175,0.9474092295161658,0.1978587754206299,0.4157563464832479,0.0,augmented_3
0.2789697945121962,0.9358566134518719,-0.0862019387352464,-3.2577817571471877,35.24427661854543,22.679524388899285,0.0,0.0,0.0,0.645321136276326,augmented_3
-0.06926899010742958,0.9107451662244027,-0.3218864720480286,-17.711074432124335,23.893208236951036,22.205308882120647,0.8370501925302847,0.297864561576646,0.35503814151481666,0.06292820095605056,augmented_3
-0.24279314298781712,0.9326449997973805,-0.7235819431887202,-25.78641515161846,-28.042761457003063,23.73000166196351,0.24318941621087986,0.0,0.0,0.0,augmented_3
-0.14571660666823838,1.000191240026331,-0.4564489395467768,35.07888318863863,0.9336384316332156,21.16715771262316,0.13973810175556373,0.0,0.0,0.12445057725571909,augmented_3
-0.08391349366135624,1.0339528175979975,-0.20515978104317034,5.813313142056978,13.50366091250091,8.517307884805815,0.49961462703863135,0.23007958088876815,0.06757896406884828,0.4227052487013127,augmented_3
0.17538608737095815,1.0083486048376398,-0.35131075496252745,7.803789422987582,-4.65151141680537,-53.85655229369672,0.0,0.0,0.0,0.3241839611281781,augmented_3
-0.16446631640036485,1.015339557481444,-0.43328745223728843,120.11437922822155,137.59847417015342,-57.52648232324265,0.0,0.0,0.0,0.0,augmented_3
-0.10129751916070487,1.0202505306063878,-0.1140483664355788,-3.0015075612874935,14.379074093571914,13.604343337273658,0.34346929931469294,0.16654927575517622,0.051618983080919584,0.515166872383957,augmented_3
0.07041373884921169,1.0341519136530164,-0.4683968008126011,-94.4214746931554,-5.73971516570422,52.7809977595558,0.6187190313211512,0.2941921484936237,0.08753046105423733,0.0,augmented_3
0.01981374708405223,0.779709918005932,-0.5188310384198834,21.63467056235111,-36.84182535100841,-16.731373247204214,0.0,0.0,0.0,0.0,augmented_3
-0.1012535254931084,1.0149961680571182,-0.2204107567300684,-26.156876246056346,10.852085749564523,17.954480704862338,0.5592105295073998,0.4048188289148078,0.03804080068728799,0.20475096519311997,augmented_3
-0.04053282014770715,0.9006573661281283,-0.6567283218061678,23.729597119106884,23.015436818093832,-41.71430949276904,0.0,0.0,0.0,0.0,augmented_3
-0.35789610840682967,1.1614638853075525,-0.41267025186647904,57.2280034951118,-39.24881979576409,-17.339277778290214,0.3723180629197314,0.0,0.08581230546517064,0.31378997582989454,augmented_3
-0.10376776027919617,1.014599828036272,-0.20495047619042467,1.092931232560885,2.338642010506377,2.0221987726468673,0.5067235640093868,0.2555146515997612,0.07339295642261183,0.29835222234796366,augmented_3
-0.04939607629211856,0.9795693274944773,-0.22940830617335886,2.6294106307757,1.123444555213799,-0.5822447150003435,0.5265369617171802,0.3176307130885536,0.07066107110839093,0.3432790462888786,augmented_3
-0.05895227831865377,0.9722649378750708,-0.21697044373900018,2.639814987988319,1.4834738667134655,-0.29905163099318127,0.4777655298127431,0.2817795180914245,0.07926740086603401,0.26741964087227743,augmented_3
-0.0802037675356935,1.007389303724722,-0.2197187476072856,4.751805641070372,0.1837352656617537,3.436981856641599,0.6371100153665362,0.37496165506746837,0.11423031067564951,0.2712359398092227,augmented_3
-0.24849232682327219,1.0344649767891767,-0.5968914685806758,7.11351786515059,478.5338429059216,-79.29472433461737,0.0,0.0,0.0,0.0,augmented_3
0.3252555225356948,0.8632860550636677,-0.15462331555117867,-20.154861384773536,-34.37013463307496,25.338189722975617,0.08321054889264891,0.0,0.0,0.3475938916166978,augmented_3
-0.10773903640480632,0.9274775048600327,-0.46137854700608005,-66.68699704068447,-1.6769933709206855,27.724044958133412,0.8400581769333922,0.4033375253502802,0.20712932403515005,0.0,augmented_3
0.2861268140079603,1.279865234758203,0.4926284579604626,-5.133722810764431,-3.6260149375171773,29.804129958319592,0.0,0.0,0.0,0.09215909283608727,augmented_3
-0.15597588986065283,1.015813674408985,-0.31973119110842774,-39.79036722338086,-4.20485507891188,21.742832684908144,0.8944530645051431,0.5005103530371642,0.2160682234314583,0.04809904935275597,augmented_3
-0.22900242960132627,0.8831299023679386,-0.6122277878691734,130.9885024366085,-21.06894781260947,-59.71896328007215,0.0,0.0,0.0,0.0,augmented_3
-0.01001113816798265,0.9551781631434193,-0.08576382599560738,-20.49852965431668,-66.01555089576964,52.09135747392463,0.20056878833985994,0.0,0.0,0.5754968636123791,augmented_3
-0.21578728006154915,1.0198011029586957,-0.3358251031031011,-26.867252619530166,-8.421141889472912,16.063309670052135,0.7150820921032784,0.31572188477256174,0.20638135367934743,0.08724635597178133,augmented_3
-0.11131323941845302,0.9004190893969853,-0.6680134987106634,42.5601518053924,-195.34522870920134,63.01239973005924,0.0,0.0,0.0,0.0,augmented_3
-0.0968085679988318,0.9626316442297896,-0.2397204346403951,1.3238654543700639,2.6637244193936342,2.663940001089386,0.6486281084353733,0.3812370297807705,0.09388266477905118,0.28107994725857394,augmented_3
-0.09803966558182242,0.959676381652484,-0.22725197386342458,2.588232216468687,2.2919328146453,-0.6224399470043608,0.6445123374644347,0.42404857971324533,0.11477014966847524,0.30233745212273583,augmented_3
-0.10481445247368229,0.9633889919072829,-0.23909209155071703,2.510338856005738,0.0,0.32530421953226746,0.6713862651803384,0.4141283571266824,0.10055261730985632,0.33637788956485387,augmented_3
-0.1046572985603404,1.0510478121448121,-0.23840621540712062,3.633751728336663,0.3206498719733596,-0.3103703765750921,0.6970611748064418,0.4138750391631205,0.10799608977183608,0.31413779472034586,augmented_3
-0.09614888273945,0.994755084321056,-0.24059576973009777,-3.965132362180435,-6.616922770158436,-2.0260679770229837,0.7588999408363827,0.43454970291595013,0.16730272899596652,0.33016556185881896,augmented_3
-0.08971207464028708,0.9720078462929977,-0.6105296065492124,-63.3202938163919,-75.71133282483643,54.31203341381363,0.0,0.0,0.0,0.0,augmented_3
0.18173545935138585,0.8155646675692939,-0.8100787322791185,88.84653670455248,24.640813735142988,-95.17617202296528,0.0,0.0,0.0,0.0,augmented_3
-0.010260594425310422,0.9769156874483181,-0.08253832230529927,13.263064048193545,-29.775550716314207,31.707891971511362,0.1434400827485968,0.0,0.0,0.6803525325049483,augmented_3
0.051343272992998304,1.0220128255920553,-0.10406655785707582,4.128132606737004,0.6639588577443483,2.469420783065972,0.48494667996117913,0.15758287099255236,0.124226259764359,0.4811843214591907,augmented_3
0.05777170076690699,1.0758399808205248,-0.16161798646767264,4.9158477127171505,22.65107319659075,-4.934804788382786,0.5486563474502888,0.1829400640516142,0.20441115300185883,0.49151720125346,augmented_3
0.02919446962890236,0.9916223599968486,-0.19953371156582378,-1.6478151815075512,14.199737422899965,1.5942207646501738,0.4747784906242229,0.22873937611202985,0.12056376203834203,0.5057290971882269,augmented_3
-0.040843516078531636,1.0149084432914548,-0.37381640336134986,-30.677672353882976,1.177690576282637,2.6103983241187283,0.801128466399695,0.30974918273257734,0.27197357706036407,0.06299421152566131,augmented_3
-0.19717013271223446,0.9368981347257361,-0.6232576752404352,88.35738532297681,4.893962607796709,-42.84970221414662,0.0,0.0,0.0,0.0,augmented_3
0.038911750174988664,0.9199936209477662,-0.1930032178938239,10.522572704170416,45.09559811994884,-2.81789824613573,0.39401757431582385,0.22900859220480985,0.0,0.5162485453987811,augmented_3
0.0,0.9733791592484419,-0.19821761729353948,4.212614358452459,0.687280615430949,-0.2984623797310157,0.5225511999341753,0.33550490550191214,0.0,0.48631146934702674,augmented_3
-0.010283565676282452,0.9815856668009236,-0.19398500864766274,2.016118502397867,3.9668391652145143,-0.6420786199912184,0.5515763892897121,0.3517209777529578,0.0,0.4417843708213727,augmented_3
-0.01001927959883407,1.0219121666985018,-0.1715928679354608,3.176694301598996,1.2289011945660273,-1.7113930412301102,0.5218057651800655,0.3507967903874511,0.0,0.529664450604953,augmented_3
-0.019362449770997117,0.9702534704802724,-0.1651938325801148,3.1145756406451066,-5.321286482738673,1.9219692327402804,0.6126831592920182,0.3891622767385279,0.05778743958529914,0.40707856352591704,augmented_3
-0.020227276356384934,1.0137396414009843,-0.1944509113443409,2.6570278031872756,-0.06270302283916149,-0.3146764601300029,0.666026029547568,0.4218292588096313,0.07219324902474955,0.4004049081362389,augmented_3
-0.030113334544668396,0.9962491703523411,-0.1710446686263581,3.643163443486495,0.9335599058987658,-1.2406955685857488,0.6272220398670451,0.4438398145732236,0.08638637018593157,0.3648530058216878,augmented_3
-0.029522069852720382,1.007149858763639,-0.17229813129232305,3.9106012243259047,0.23360707671721376,-0.888759275901099,0.7151957431194349,0.4881018567344991,0.09687198538764932,0.38724989288317047,augmented_3
-0.028986719552137746,1.0585462445635359,-0.1589985665668233,2.9786614282007644,0.6010981813597146,-0.11408566283131263,0.681481526061101,0.47926477724218297,0.11188524988695418,0.44647982293981603,augmented_3
-0.020977542145229715,0.9949058521422577,-0.1708826563859376,2.6733897180904553,0.0,-0.9914280394649525,0.6760274517071707,0.4395831620650091,0.10160358567950796,0.45207916912438556,augmented_3
-0.03041545452273293,1.0225134323863296,-0.17200780921678474,2.7399557752347086,0.1749935955724129,-0.3543006742823901,0.6777998547483055,0.4771838512002007,0.09735805990686329,0.45056775442249414,augmented_3
-0.029857303576131214,1.04038537480779,-0.18511634057132567,2.4053391735416523,-0.3203614739998455,-0.5134192561399077,0.6959969952045544,0.4645004105075248,0.0953131834900391,0.47218864396983223,augmented_3
-0.030578149311216565,0.995938029104548,-0.1980413049116549,2.735637335540403,0.3112138488055637,-0.3746020616134494,0.5852901545793301,0.42164747174855555,0.07346544448383381,0.4767135511082007,augmented_3
-0.02875430975424042,0.9912723910952654,-0.19233418169292063,2.9333493782199516,0.0,1.4325272827753701,0.7189331395351473,0.4803864913169133,0.11792588987052223,0.44527388369036514,augmented_3
-0.05083588995688198,1.0232655641064514,-0.17568889653795072,4.741834108901887,-3.4180352491829185,0.5694233957254252,0.7974474518850494,0.5405189683340863,0.1612183586935257,0.4389148325828644,augmented_3
-0.031340040481841226,1.0391650665159775,-0.1944434580013257,2.2177452860136966,-3.31917426061605,-1.199868674323662,0.775652397103235,0.49992958060752324,0.13062680982547445,0.37562531909160063,augmented_3
0.029387080852387334,1.0315068167031982,-0.16791110736997927,3.85992806721141,-2.884775144827909,-5.129537283752058,0.5342780935324293,0.35738860061726885,0.04819242405759408,0.4818947860611842,augmented_3
0.057073818791561655,1.0057884971295574,-0.21934028563005833,-20.6044800772348,4.55685711375232,3.4136244619297895,0.5578261022898285,0.3562855101935241,0.06100674664562495,0.43394130032294925,augmented_3
